tier,customers,avg_ltv
Regular,320219,416.4641631
VIP,7786,7228.514017
Loyal,19113,2109.378657
